地域,regions,prefectureCode,都道府県,prefectures,県庁所在地,prefectural capital
北海道,Hokkaido,1,北海道,Hokkaido,札幌,Sapporo
東北,Tohoku,2,青森県,Aomori,青森,Aomori
,,3,岩手県,Iwate,盛岡,Morioka
,,4,宮城県,Miyagi,仙台,Sendai
,,5,秋田県,Akita,秋田,Akita
,,6,山形県,Yamagata,山形,Yamagata
,,7,福島県,Fukushima,福島,Fukushima
関東,Kanto,8,茨城県,Ibaraki,水戸,Mito
,,9,栃木県,Tochigi,宇都宮,Utsunomiya
,,10,群馬県,Gunma,前橋,Maebashi
,,11,埼玉県,Saitama,さいたま,Saitama
,,12,千葉県,Chiba,千葉,Chiba
,,13,東京都,Tokyo,新宿,Shinjuku
,,14,神奈川県,Kanagawa,横浜,Yokohama
中部,Chube,15,新潟県,Niigata,新潟,Niigata
,,16,富山県,Toyama,富山,Toyama
,,17,石川県,Ishikawa,金沢,Kanazawa
,,18,福井県,Fukui,福井,Fukui
,,19,山梨県,Yamanashi,甲府,Kofu
,,20,長野県,Nagano,長野,Nagano
,,21,岐阜県,Gifu,岐阜,Gifu
,,22,静岡県,Shizuoka,静岡,Shizuoka
,,23,愛知県,Aichi,名古屋,Nagoya
近畿,Kinki,24,三重県,Mie,津,Tsu
,,25,滋賀県,Shiga,大津,Otsu
,,26,京都府,Kyoto,京都,Kyoto
,,27,大阪府,Osaka,大阪,Osaka
,,28,兵庫県,Hyogo,神戸,Kobe
,,29,奈良県,Nara,奈良,Nara
,,30,和歌山県,Wakayama,和歌山,Wakayama
中国,Chugoku,31,鳥取県,Tottori,鳥取,Tottori
,,32,島根県,Shimane,松江,Matsue
,,33,岡山県,Okayama,岡山,Okayama
,,34,広島県,Hiroshima,広島,Hiroshima
,,35,山口県,Yamaguchi,山口,Yamaguchi
四国,Shikoku,36,徳島県,Tokushima,徳島,Tokushima
,,37,香川県,Kagawa,高松,Takamatsu
,,38,愛媛県,Ehime,松山,Matsuyama
,,39,高知県,Kochi,高知,Kochi
九州,Kyushu,40,福岡県,Fukuoka,福岡,Fukuoka
,,41,佐賀県,Saga,佐賀,Saga
,,42,長崎県,Nagasaki,長崎,Nagasaki
,,43,熊本県,Kumamoto,熊本,Kumamoto
,,44,大分県,Oita,大分,Oita
,,45,宮崎県,Miyazaki,宮崎,Miyazaki
,,46,鹿児島県,Kagoshima,鹿児島,Kagoshima
沖縄,Okinawa,47,沖縄県,Okinawa,那覇,Naha
