,,異動内容,異動年月日,都道府県,市区町村,氏名または名称,Individual Identification  Number
0,1,出生,2004.03.25,長崎県,壱岐市,石橋　敏光,1189338748
1,2,転出,2004.12.01,長崎県,壱岐市,石橋　敏光,1189338748
2,3,搬入,2004.12.01,長崎県,壱岐市,壱岐市農業協同組合畜産部（壱岐家畜市場）,1189338748
3,4,取引,2004.12.01,長崎県,壱岐市,壱岐市農業協同組合畜産部（壱岐家畜市場）,1189338748
4,5,転入,2004.12.01,香川県,,,1189338748
5,6,転出,2006.06.05,香川県,,,1189338748
6,7,搬入,2006.06.06,香川県,高松市,高松市食肉センター,1189338748
7,8,と畜,2006.06.06,香川県,高松市,高松市食肉センター,1189338748
0,1,出生,2003.08.31,宮崎県,日南市,河野　秀一,1190610383
1,2,転出,2004.07.12,宮崎県,日南市,河野　秀一,1190610383
2,3,転入,2004.07.12,香川県,三豊市,株式会社北隆畜産,1190610383
3,4,転出,2005.12.07,香川県,三豊市,株式会社北隆畜産,1190610383
4,5,搬入,2005.12.08,徳島県,三好郡東みよし町,株式会社にし阿波ビ－フ,1190610383
5,6,と畜,2005.12.08,徳島県,三好郡東みよし町,株式会社にし阿波ビ－フ,1190610383
0,1,出生,2017.07.22,北海道,河東郡士幌町,清水　雅也,1432413994
1,2,死亡,2017.07.28,北海道,河東郡士幌町,清水　雅也,1432413994
0,1,装着,2002.05.12,長崎県,南島原市,本多　孝,1119149086
1,2,転出,2006.07.27,長崎県,南島原市,本多　孝,1119149086
2,3,転入,2006.07.27,長崎県,南島原市,花房牧場,1119149086
3,4,転出,2007.06.11,長崎県,南島原市,花房牧場,1119149086
4,5,搬入,2007.06.11,長崎県,佐世保市,佐世保食肉センター（株）,1119149086
5,6,と畜,2007.06.12,長崎県,佐世保市,佐世保食肉センター（株）,1119149086
0,1,出生,2017.03.08,沖縄県,石垣市,内原　美佐子,1556926240
1,2,転出,2017.12.10,沖縄県,石垣市,内原　美佐子,1556926240
2,3,搬入,2017.12.10,沖縄県,石垣市,八重山家畜市場,1556926240
3,4,取引,2017.12.10,沖縄県,石垣市,八重山家畜市場,1556926240
4,5,転入,2017.12.15,鹿児島県,姶良市,水迫畜産（姶良）,1556926240
5,6,転出,2019.08.21,鹿児島県,姶良市,水迫畜産（姶良）,1556926240
6,7,搬入,2019.08.21,鹿児島県,阿久根市,（株）阿久根食肉流通センター,1556926240
7,8,と畜,2019.08.22,鹿児島県,阿久根市,（株）阿久根食肉流通センター,1556926240
0,1,出生,2002.11.16,宮城県,大崎市,佐藤　優,1180975577
1,2,転出,2002.12.13,宮城県,大崎市,佐藤　優,1180975577
2,3,転入,2002.12.13,宮城県,大崎市,佐藤　公宏,1180975577
3,4,転出,2003.09.04,宮城県,大崎市,佐藤　公宏,1180975577
4,5,搬入,2003.09.04,宮城県,遠田郡美里町,全農みやぎ総合家畜市場,1180975577
5,6,取引,2003.09.04,宮城県,遠田郡美里町,全農みやぎ総合家畜市場,1180975577
6,7,転入,2003.09.04,宮城県,栗原市,（有）後藤畜産　上原農場,1180975577
7,8,転出,2005.04.03,宮城県,栗原市,（有）後藤畜産　上原農場,1180975577
8,9,搬入,2005.04.03,青森県,三戸郡三戸町,（株）三戸食肉センター,1180975577
9,10,と畜,2005.04.04,青森県,三戸郡三戸町,（株）三戸食肉センター,1180975577
0,1,出生,2003.12.26,沖縄県,南城市,城間　松安,1198909502
1,2,転出,2004.01.27,沖縄県,南城市,城間　松安,1198909502
2,3,搬入,2004.01.27,沖縄県,糸満市,南部家畜市場,1198909502
3,4,取引,2004.01.27,沖縄県,糸満市,南部家畜市場,1198909502
4,5,転入,2004.01.27,沖縄県,国頭郡大宜味村,水迫畜産,1198909502
5,6,転出,2004.08.06,沖縄県,国頭郡大宜味村,水迫畜産,1198909502
6,7,転入,2004.08.24,鹿児島県,指宿市,水迫ファーム（指宿）,1198909502
7,8,転出,2006.06.12,鹿児島県,指宿市,水迫ファーム（指宿）,1198909502
8,9,搬入,2006.06.12,鹿児島県,鹿児島市,株式会社ミートセンターかごしま,1198909502
9,10,と畜,2006.06.13,鹿児島県,鹿児島市,株式会社ミートセンターかごしま,1198909502
0,1,出生,2003.04.01,岩手県,盛岡市,坂本　敬,1197458919
1,2,転出,2015.11.26,岩手県,盛岡市,坂本　敬,1197458919
2,3,搬入,2015.11.26,岩手県,岩手郡雫石町,全農岩手県本部中央家畜市場,1197458919
3,4,取引,2015.11.26,岩手県,岩手郡雫石町,全農岩手県本部中央家畜市場,1197458919
4,5,転入,2015.11.26,岩手県,一関市,いわて門崎丑牧場（有）,1197458919
5,6,転出,2016.03.16,岩手県,一関市,いわて門崎丑牧場（有）,1197458919
6,7,搬入,2016.03.16,岩手県,紫波郡紫波町,（株）いわちく,1197458919
7,8,と畜,2016.03.17,岩手県,紫波郡紫波町,（株）いわちく,1197458919
0,1,出生,2011.10.13,兵庫県,加古川市,農事組合法人西神戸但馬牛神戸肉一貫生産組合　デリカファーム,1154798669
1,2,転出,2012.04.04,兵庫県,加古川市,農事組合法人西神戸但馬牛神戸肉一貫生産組合　デリカファーム,1154798669
2,3,転入,2012.04.04,兵庫県,加古川市,株式会社本神戸肉森谷商店　七ツ池牧場,1154798669
3,4,転出,2014.03.13,兵庫県,加古川市,株式会社本神戸肉森谷商店　七ツ池牧場,1154798669
4,5,搬入,2014.03.13,兵庫県,加古川市,加古川食肉センター,1154798669
5,6,と畜,2014.03.13,兵庫県,加古川市,加古川食肉センター,1154798669
0,1,出生,2003.10.06,神奈川県,茅ヶ崎市,吉田　幸男,1189129230
1,2,転出,2007.12.19,神奈川県,茅ヶ崎市,吉田　幸男,1189129230
2,3,搬入,2007.12.19,神奈川県,厚木市,神奈川食肉センター,1189129230
3,4,と畜,2007.12.19,神奈川県,厚木市,神奈川食肉センター,1189129230
0,1,装着,2002.03.08,長崎県,平戸市,山口　多津男,1145425031
1,2,転出,2002.05.22,長崎県,平戸市,山口　多津男,1145425031
2,3,搬入,2002.05.22,長崎県,平戸市,平戸口中央家畜市場,1145425031
3,4,取引,2002.05.22,長崎県,平戸市,平戸口中央家畜市場,1145425031
4,5,転入,2002.05.22,長崎県,西海市,吉田　安男,1145425031
5,6,転出,2003.12.07,長崎県,西海市,吉田　安男,1145425031
6,7,搬入,2003.12.07,岐阜県,岐阜市,（株）岐阜県畜産公社,1145425031
7,8,と畜,2003.12.08,岐阜県,岐阜市,（株）岐阜県畜産公社,1145425031
0,1,出生,2003.02.15,沖縄県,石垣市,(株)大松畜産,1185087152
1,2,転出,2003.12.14,沖縄県,石垣市,(株)大松畜産,1185087152
2,3,搬入,2003.12.14,沖縄県,石垣市,八重山家畜市場,1185087152
3,4,取引,2003.12.14,沖縄県,石垣市,八重山家畜市場,1185087152
4,5,転入,2003.12.19,沖縄県,,,1185087152
5,6,転出,2006.12.22,沖縄県,,,1185087152
6,7,転入,2006.12.22,沖縄県,石垣市,（株）安愚楽牧場バンナ牧場,1185087152
7,8,転出,2008.05.05,沖縄県,石垣市,（株）安愚楽牧場バンナ牧場,1185087152
8,9,転入,2008.05.05,沖縄県,石垣市,玉取牧場,1185087152
9,10,転出,2013.06.17,沖縄県,石垣市,玉取牧場,1185087152
10,11,転入,2013.06.17,沖縄県,石垣市,株式会社　八重山石垣牧場,1185087152
11,12,転出,2014.09.30,沖縄県,石垣市,株式会社　八重山石垣牧場,1185087152
12,13,転入,2014.10.02,福岡県,田川市,株式会社山﨑畜産,1185087152
13,14,転出,2015.07.03,福岡県,田川市,株式会社山﨑畜産,1185087152
14,15,搬入,2015.07.03,兵庫県,姫路市,和牛マスター食肉センター,1185087152
15,16,と畜,2015.07.04,兵庫県,姫路市,和牛マスター食肉センター,1185087152
0,1,出生,2003.08.30,大分県,玖珠郡九重町,甲斐　勝美,1186106753
1,2,転出,2012.11.01,大分県,玖珠郡九重町,甲斐　勝美,1186106753
2,3,搬入,2012.11.01,大分県,豊後大野市,（株）大分県畜産公社,1186106753
3,4,と畜,2012.11.02,大分県,豊後大野市,（株）大分県畜産公社,1186106753
0,1,出生,2004.05.05,鹿児島県,鹿屋市,出水　貞則・貞男,1187740413
1,2,転出,2005.02.18,鹿児島県,鹿屋市,出水　貞則・貞男,1187740413
2,3,搬入,2005.02.18,鹿児島県,鹿屋市,肝属中央家畜市場,1187740413
3,4,取引,2005.02.18,鹿児島県,鹿屋市,肝属中央家畜市場,1187740413
4,5,転入,2005.02.22,茨城県,笠間市,全農笠間乳肉牛研究所,1187740413
5,6,死亡,2019.01.19,茨城県,笠間市,全農笠間乳肉牛研究所,1187740413
0,1,出生,2018.05.31,岩手県,八幡平市,佐々木　良泰,1574401095
1,2,転出,2018.06.25,岩手県,八幡平市,佐々木　良泰,1574401095
2,3,搬入,2018.06.25,岩手県,岩手郡雫石町,全農岩手県本部中央家畜市場,1574401095
3,4,取引,2018.06.25,岩手県,岩手郡雫石町,全農岩手県本部中央家畜市場,1574401095
4,5,転入,2018.06.26,北海道,士別市,（株）ヤマサファーム,1574401095
5,6,転出,2018.12.06,北海道,士別市,（株）ヤマサファーム,1574401095
6,7,転入,2018.12.07,北海道,檜山郡厚沢部町,（株）下川部牧場,1574401095
7,8,転出,2019.12.17,北海道,檜山郡厚沢部町,（株）下川部牧場,1574401095
8,9,搬入,2019.12.17,北海道,茅部郡森町,名古屋食肉市場株式会社　道南支店,1574401095
9,10,搬出,2019.12.18,北海道,茅部郡森町,名古屋食肉市場株式会社　道南支店,1574401095
10,11,搬入,2019.12.18,北海道,茅部郡森町,名北ミート株式会社　函館工場,1574401095
11,12,と畜,2019.12.18,北海道,茅部郡森町,名北ミート株式会社　函館工場,1574401095
0,1,装着,2002.03.27,沖縄県,島尻郡南大東村,農業生産法人株式会社もとぶアグリ南農場,1103163654
1,2,転入,2002.04.23,鳥取県,東伯郡琴浦町,西日本ジェイエイ畜産　矢下団地第１,1103163654
2,3,転出,2003.12.18,鳥取県,東伯郡琴浦町,西日本ジェイエイ畜産　矢下団地第１,1103163654
3,4,搬入,2003.12.18,大阪府,大阪市住之江区,大阪市食肉処理場,1103163654
4,5,と畜,2003.12.19,大阪府,大阪市住之江区,大阪市食肉処理場,1103163654
0,1,装着,2002.03.11,沖縄県,,,1137675475
1,2,転出,2006.05.22,沖縄県,,,1137675475
2,3,転入,2006.05.22,沖縄県,石垣市,（株）安愚楽牧場バンナ牧場,1137675475
3,4,転出,2006.05.27,沖縄県,石垣市,（株）安愚楽牧場バンナ牧場,1137675475
4,5,転入,2006.05.29,熊本県,,,1137675475
5,6,転出,2007.03.14,熊本県,,,1137675475
6,7,搬入,2007.03.15,神奈川県,横浜市鶴見区,横浜食肉市場（株）,1137675475
7,8,搬出,2007.03.16,神奈川県,横浜市鶴見区,横浜食肉市場（株）,1137675475
8,9,搬入,2007.03.16,神奈川県,横浜市鶴見区,横浜市中央と畜場,1137675475
9,10,と畜,2007.03.16,神奈川県,横浜市鶴見区,横浜市中央と畜場,1137675475
0,1,出生,2008.05.26,愛知県,豊川市,神谷　甲一,1131648314
1,2,転出,2008.07.25,愛知県,豊川市,神谷　甲一,1131648314
2,3,搬入,2008.07.25,愛知県,豊橋市,豊橋家畜市場,1131648314
3,4,取引,2008.07.25,愛知県,豊橋市,豊橋家畜市場,1131648314
4,5,転入,2008.07.25,愛知県,田原市,株式会社　ヤマキ牧場,1131648314
5,6,転出,2010.06.22,愛知県,田原市,株式会社　ヤマキ牧場,1131648314
6,7,搬入,2010.06.22,愛知県,豊橋市,愛知県経済農業協同組合連合会,1131648314
7,8,搬出,2010.06.22,愛知県,豊橋市,愛知県経済農業協同組合連合会,1131648314
8,9,搬入,2010.06.22,愛知県,豊橋市,東三河食肉流通センター,1131648314
9,10,と畜,2010.06.22,愛知県,豊橋市,東三河食肉流通センター,1131648314
0,1,出生,2002.07.06,大分県,日田市,安養寺　敏明,1181566149
1,2,死亡,2002.09.21,大分県,日田市,安養寺　敏明,1181566149
0,1,出生,2002.09.03,北海道,中川郡池田町,神田　博文,1146941141
1,2,転出,2003.06.19,北海道,中川郡池田町,神田　博文,1146941141
2,3,搬入,2003.06.19,北海道,河東郡音更町,ホクレン十勝地区家畜市場,1146941141
3,4,取引,2003.06.19,北海道,河東郡音更町,ホクレン十勝地区家畜市場,1146941141
4,5,転入,2003.06.22,岐阜県,高山市,井口　正樹,1146941141
5,6,転出,2005.01.16,岐阜県,高山市,井口　正樹,1146941141
6,7,搬入,2005.01.16,岐阜県,高山市,飛騨食肉センター,1146941141
7,8,と畜,2005.01.17,岐阜県,高山市,飛騨食肉センター,1146941141
0,1,出生,2003.01.27,秋田県,由利本荘市,真坂　正雄,1180077240
1,2,転出,2003.10.09,秋田県,由利本荘市,真坂　正雄,1180077240
2,3,搬入,2003.10.09,秋田県,由利本荘市,広域由利家畜市場,1180077240
3,4,取引,2003.10.09,秋田県,由利本荘市,広域由利家畜市場,1180077240
4,5,転入,2003.10.09,岩手県,奥州市,（有）千葉畜産,1180077240
5,6,転出,2005.08.20,岩手県,奥州市,（有）千葉畜産,1180077240
6,7,搬入,2005.08.21,東京都,港区,東京食肉市場（株）,1180077240
7,8,搬出,2005.08.22,東京都,港区,東京食肉市場（株）,1180077240
8,9,搬入,2005.08.22,東京都,港区,東京都立芝浦と場,1180077240
9,10,と畜,2005.08.22,東京都,港区,東京都立芝浦と場,1180077240
0,1,出生,2014.01.08,栃木県,,,1363900129
1,2,転出,2014.03.07,栃木県,,,1363900129
2,3,搬入,2014.03.07,群馬県,館林市,館林家畜市場,1363900129
3,4,取引,2014.03.07,群馬県,館林市,館林家畜市場,1363900129
4,5,搬入,2014.03.09,神奈川県,綾瀬市,神奈川県家畜商業協同組合,1363900129
5,6,取引,2014.03.09,神奈川県,綾瀬市,神奈川県家畜商業協同組合,1363900129
6,7,転入,2014.03.09,神奈川県,茅ヶ崎市,（株）湘南ファーム　茅ヶ崎牧場,1363900129
7,8,転出,2014.04.30,神奈川県,茅ヶ崎市,（株）湘南ファーム　茅ヶ崎牧場,1363900129
8,9,転入,2014.04.30,神奈川県,藤沢市,（株）湘南ファーム　藤沢牧場,1363900129
9,10,転出,2015.07.31,神奈川県,藤沢市,（株）湘南ファーム　藤沢牧場,1363900129
10,11,転入,2015.07.31,神奈川県,藤沢市,（株）湘南ファーム　打戻牧場,1363900129
11,12,転出,2015.12.21,神奈川県,藤沢市,（株）湘南ファーム　打戻牧場,1363900129
12,13,搬入,2015.12.21,神奈川県,厚木市,神奈川食肉センター,1363900129
13,14,と畜,2015.12.21,神奈川県,厚木市,神奈川食肉センター,1363900129
0,1,出生,2010.08.19,兵庫県,神戸市西区,農事組合法人西神戸但馬牛神戸肉一貫生産組合　西神牧場,1142634719
1,2,死亡,2010.09.04,兵庫県,神戸市西区,農事組合法人西神戸但馬牛神戸肉一貫生産組合　西神牧場,1142634719
0,1,出生,2004.02.15,山形県,東置賜郡高畠町,島津　喜一郎,1184289199
1,2,転出,2004.03.22,山形県,東置賜郡高畠町,島津　喜一郎,1184289199
2,3,搬入,2004.03.22,山形県,天童市,山形中央家畜市場,1184289199
3,4,取引,2004.03.22,山形県,天童市,山形中央家畜市場,1184289199
4,5,搬入,2004.03.24,熊本県,菊池郡大津町,熊本県畜産農業協同組合（熊本県家畜市場）,1184289199
5,6,取引,2004.03.24,熊本県,菊池郡大津町,熊本県畜産農業協同組合（熊本県家畜市場）,1184289199
6,7,転入,2004.03.24,熊本県,菊池市,水上　明孝,1184289199
7,8,転出,2004.10.27,熊本県,菊池市,水上　明孝,1184289199
8,9,搬入,2004.10.27,熊本県,菊池郡大津町,熊本県畜産農業協同組合（熊本県家畜市場）,1184289199
9,10,取引,2004.10.27,熊本県,菊池郡大津町,熊本県畜産農業協同組合（熊本県家畜市場）,1184289199
10,11,転入,2004.10.28,福岡県,飯塚市,（有）ダイヤモンドファーム　八木山畜産センター,1184289199
11,12,転出,2006.05.05,福岡県,飯塚市,（有）ダイヤモンドファーム　八木山畜産センター,1184289199
12,13,搬入,2006.05.05,福岡県,北九州市小倉北区,北九州市立食肉センター,1184289199
13,14,と畜,2006.05.06,福岡県,北九州市小倉北区,北九州市立食肉センター,1184289199
0,1,出生,2002.09.22,岩手県,九戸郡洋野町,中村　一志,1174973534
1,2,搬入,2003.07.16,岩手県,岩手郡雫石町,全農岩手県本部中央家畜市場,1174973534
2,3,取引,2003.07.16,岩手県,岩手郡雫石町,全農岩手県本部中央家畜市場,1174973534
3,4,転入,2003.07.16,宮城県,栗原市,蓬田　忠雄,1174973534
4,5,転出,2005.03.05,宮城県,栗原市,蓬田　忠雄,1174973534
5,6,搬入,2005.03.06,東京都,港区,東京食肉市場（株）,1174973534
6,7,搬出,2005.03.07,東京都,港区,東京食肉市場（株）,1174973534
7,8,搬入,2005.03.07,東京都,港区,東京都立芝浦と場,1174973534
8,9,と畜,2005.03.07,東京都,港区,東京都立芝浦と場,1174973534
0,1,出生,2008.02.27,北海道,紋別郡興部町,武田　義治,1100625933
1,2,転出,2008.03.25,北海道,紋別郡興部町,武田　義治,1100625933
2,3,搬入,2008.03.25,北海道,常呂郡佐呂間町,ホクレン北見地区総合家畜市場,1100625933
3,4,取引,2008.03.25,北海道,常呂郡佐呂間町,ホクレン北見地区総合家畜市場,1100625933
4,5,転入,2008.03.25,北海道,紋別郡興部町,株式会社　渋谷牧場　代表取締役　澁谷　拓美,1100625933
5,6,転出,2008.09.24,北海道,紋別郡興部町,株式会社　渋谷牧場　代表取締役　澁谷　拓美,1100625933
6,7,転入,2008.09.24,北海道,河東郡士幌町,（株）西上肉用牛牧場代表佐藤　洋佑,1100625933
7,8,転出,2009.11.09,北海道,河東郡士幌町,（株）西上肉用牛牧場代表佐藤　洋佑,1100625933
8,9,搬入,2009.11.09,北海道,帯広市,（株）北海道畜産公社　十勝工場,1100625933
9,10,と畜,2009.11.10,北海道,帯広市,（株）北海道畜産公社　十勝工場,1100625933
0,1,出生,2007.05.02,北海道,帯広市,（有）川井牧場,1146742373
1,2,転出,2007.06.01,北海道,帯広市,（有）川井牧場,1146742373
2,3,搬入,2007.06.01,北海道,中川郡幕別町,十勝中央家畜市場,1146742373
3,4,取引,2007.06.01,北海道,中川郡幕別町,十勝中央家畜市場,1146742373
4,5,転入,2007.06.01,北海道,河東郡上士幌町,延与　邦彦,1146742373
5,6,転出,2008.02.16,北海道,河東郡上士幌町,延与　邦彦,1146742373
6,7,搬入,2008.02.16,北海道,河東郡音更町,ホクレン十勝地区家畜市場,1146742373
7,8,取引,2008.02.16,北海道,河東郡音更町,ホクレン十勝地区家畜市場,1146742373
8,9,転入,2008.02.16,北海道,河東郡音更町,大石正和（大石北海道牧場）,1146742373
9,10,転出,2008.02.28,北海道,河東郡音更町,大石正和（大石北海道牧場）,1146742373
10,11,転入,2008.03.01,熊本県,球磨郡相良村,大石　正和　（大石人吉牧場）,1146742373
11,12,転出,2009.08.31,熊本県,球磨郡相良村,大石　正和　（大石人吉牧場）,1146742373
12,13,搬入,2009.09.01,大阪府,松原市,南大阪ミートセンター,1146742373
13,14,と畜,2009.09.01,大阪府,松原市,南大阪ミートセンター,1146742373
0,1,出生,2004.04.11,鹿児島県,志布志市,池田　学,1187544745
1,2,転出,2005.01.28,鹿児島県,志布志市,池田　学,1187544745
2,3,搬入,2005.01.28,鹿児島県,曽於市,曽於中央家畜市場,1187544745
3,4,取引,2005.01.28,鹿児島県,曽於市,曽於中央家畜市場,1187544745
4,5,転入,2005.01.28,長崎県,雲仙市,前田　学,1187544745
5,6,転出,2006.08.06,長崎県,雲仙市,前田　学,1187544745
6,7,搬入,2006.08.06,長崎県,佐世保市,佐世保食肉センター（株）,1187544745
7,8,と畜,2006.08.07,長崎県,佐世保市,佐世保食肉センター（株）,1187544745
0,1,装着,2002.03.31,愛知県,知多郡南知多町,平山　幸松,1115315478
1,2,転出,2006.09.25,愛知県,知多郡南知多町,平山　幸松,1115315478
2,3,搬入,2006.09.26,岐阜県,岐阜市,岐阜県中央家畜市場,1115315478
3,4,取引,2006.09.26,岐阜県,岐阜市,岐阜県中央家畜市場,1115315478
4,5,搬入,2006.09.27,兵庫県,たつの市,たつの市新宮食肉センター,1115315478
5,6,と畜,2006.09.27,兵庫県,たつの市,たつの市新宮食肉センター,1115315478
0,1,出生,2004.11.11,栃木県,,,1206275742
1,2,転出,2004.11.25,栃木県,,,1206275742
2,3,搬入,2004.11.25,栃木県,那須塩原市,那須家畜市場,1206275742
3,4,取引,2004.11.25,栃木県,那須塩原市,那須家畜市場,1206275742
4,5,転入,2004.11.25,福島県,田村市,坪井　徳幸,1206275742
5,6,転出,2005.09.02,福島県,田村市,坪井　徳幸,1206275742
6,7,搬入,2005.09.02,千葉県,千葉市若葉区,千葉家畜市場,1206275742
7,8,取引,2005.09.02,千葉県,千葉市若葉区,千葉家畜市場,1206275742
8,9,転入,2005.09.02,千葉県,旭市,（株）岩渕畜産,1206275742
9,10,転出,2005.09.09,千葉県,旭市,（株）岩渕畜産,1206275742
10,11,搬入,2005.09.09,千葉県,旭市,（株）千葉県食肉公社,1206275742
11,12,と畜,2005.09.09,千葉県,旭市,（株）千葉県食肉公社,1206275742
0,1,装着,2002.03.16,福島県,双葉郡楢葉町,蛭田　博章,1106508490
1,2,搬入,2002.09.02,茨城県,筑西市,筑西食肉センター,1106508490
2,3,と畜,2002.09.03,茨城県,筑西市,筑西食肉センター,1106508490
0,1,装着,2002.03.26,沖縄県,石垣市,（株）安愚楽牧場バンナ牧場,1137707374
1,2,転出,2003.08.21,沖縄県,石垣市,（株）安愚楽牧場バンナ牧場,1137707374
2,3,転入,2003.08.23,宮崎県,延岡市,大山牧場,1137707374
3,4,転出,2004.06.09,宮崎県,延岡市,大山牧場,1137707374
4,5,搬入,2004.06.10,神奈川県,厚木市,神奈川食肉センター,1137707374
5,6,と畜,2004.06.11,神奈川県,厚木市,神奈川食肉センター,1137707374
0,1,出生,2004.06.27,岩手県,岩手郡葛巻町,山火　誠一,1199366328
1,2,転出,2004.07.12,岩手県,岩手郡葛巻町,山火　誠一,1199366328
2,3,搬入,2004.07.12,岩手県,岩手郡雫石町,全農岩手県本部中央家畜市場,1199366328
3,4,取引,2004.07.12,岩手県,岩手郡雫石町,全農岩手県本部中央家畜市場,1199366328
4,5,転入,2004.07.12,青森県,三沢市,小比類巻　正勝,1199366328
5,6,死亡,2004.11.01,青森県,三沢市,小比類巻　正勝,1199366328
0,1,出生,2003.06.11,北海道,網走郡美幌町,長野　和美,1100008798
1,2,転出,2003.06.24,北海道,網走郡美幌町,長野　和美,1100008798
2,3,搬入,2003.06.24,北海道,常呂郡佐呂間町,ホクレン北見地区総合家畜市場,1100008798
3,4,取引,2003.06.24,北海道,常呂郡佐呂間町,ホクレン北見地区総合家畜市場,1100008798
4,5,転入,2003.06.24,北海道,斜里郡小清水町,平山　靖,1100008798
5,6,転出,2003.12.17,北海道,斜里郡小清水町,平山　靖,1100008798
6,7,転入,2003.12.17,北海道,斜里郡小清水町,更科　誠,1100008798
7,8,転出,2005.02.01,北海道,斜里郡小清水町,更科　誠,1100008798
8,9,搬入,2005.02.01,北海道,旭川市,ホクレン北海道中央地域家畜市場,1100008798
9,10,取引,2005.02.01,北海道,旭川市,ホクレン北海道中央地域家畜市場,1100008798
10,11,搬入,2005.02.03,大阪府,松原市,南大阪ミートセンター,1100008798
11,12,と畜,2005.02.03,大阪府,松原市,南大阪ミートセンター,1100008798
0,1,装着,2002.05.31,熊本県,阿蘇郡南小国町,有限会社　南牧場,1160775203
1,2,転出,2003.07.17,熊本県,阿蘇郡南小国町,有限会社　南牧場,1160775203
2,3,搬入,2003.07.17,宮崎県,延岡市,宮崎ビーフセンター　株式会社（延岡市食肉センター）,1160775203
3,4,と畜,2003.07.18,宮崎県,延岡市,宮崎ビーフセンター　株式会社（延岡市食肉センター）,1160775203
0,1,出生,2005.01.11,北海道,紋別郡雄武町,高橋　俊一,1100679493
1,2,転出,2005.12.19,北海道,紋別郡雄武町,高橋　俊一,1100679493
2,3,転入,2005.12.19,北海道,紋別郡雄武町,（有）おうむアグリファーム,1100679493
3,4,転出,2007.04.24,北海道,紋別郡雄武町,（有）おうむアグリファーム,1100679493
4,5,搬入,2007.04.24,北海道,北見市,（株）北海道チクレンミート　北見食肉センター,1100679493
5,6,と畜,2007.04.25,北海道,北見市,（株）北海道チクレンミート　北見食肉センター,1100679493
0,1,出生,2003.08.05,宮崎県,都城市,渕上　豊,1198040700
1,2,転出,2004.06.17,宮崎県,都城市,渕上　豊,1198040700
2,3,搬入,2004.06.17,宮崎県,都城市,都城地域家畜市場,1198040700
3,4,取引,2004.06.17,宮崎県,都城市,都城地域家畜市場,1198040700
4,5,転入,2004.06.17,宮崎県,都城市,渕上　豊,1198040700
5,6,転出,2006.02.05,宮崎県,都城市,渕上　豊,1198040700
6,7,搬入,2006.02.06,愛知県,名古屋市中川区,名古屋食肉市場（株）,1198040700
7,8,搬出,2006.02.06,愛知県,名古屋市中川区,名古屋食肉市場（株）,1198040700
8,9,搬入,2006.02.06,愛知県,名古屋市中川区,名古屋市と畜場,1198040700
9,10,と畜,2006.02.06,愛知県,名古屋市中川区,名古屋市と畜場,1198040700
0,1,出生,2003.07.07,大分県,竹田市,佐藤　恭二,1187969968
1,2,転出,2004.04.14,大分県,竹田市,佐藤　恭二,1187969968
2,3,搬入,2004.04.14,大分県,竹田市,豊後豊肥市場,1187969968
3,4,取引,2004.04.14,大分県,竹田市,豊後豊肥市場,1187969968
4,5,転入,2004.04.15,愛媛県,,,1187969968
5,6,転出,2006.03.20,愛媛県,,,1187969968
6,7,搬入,2006.03.20,愛媛県,松山市,全国農業協同組合連合会愛媛県本部,1187969968
7,8,搬出,2006.03.20,愛媛県,松山市,全国農業協同組合連合会愛媛県本部,1187969968
8,9,搬入,2006.03.20,愛媛県,大洲市,ＪＡえひめアイパックス（株）　と畜場,1187969968
9,10,と畜,2006.03.20,愛媛県,大洲市,ＪＡえひめアイパックス（株）　と畜場,1187969968
0,1,出生,2004.05.20,兵庫県,美方郡新温泉町,西坂　嘉津美,1199004145
1,2,転出,2004.12.01,兵庫県,美方郡新温泉町,西坂　嘉津美,1199004145
2,3,搬入,2004.12.01,兵庫県,美方郡新温泉町,湯村家畜市場,1199004145
3,4,取引,2004.12.01,兵庫県,美方郡新温泉町,湯村家畜市場,1199004145
4,5,転入,2004.12.01,兵庫県,加古川市,株式会社　内田牧場,1199004145
5,6,転出,2006.11.30,兵庫県,加古川市,株式会社　内田牧場,1199004145
6,7,搬入,2006.11.30,兵庫県,神戸市長田区,神戸市立食肉センター,1199004145
7,8,と畜,2006.12.01,兵庫県,神戸市長田区,神戸市立食肉センター,1199004145
0,1,出生,2006.07.07,北海道,斜里郡小清水町,鴨崎　政徳,1219702686
1,2,転出,2007.04.20,北海道,斜里郡小清水町,鴨崎　政徳,1219702686
2,3,搬入,2007.04.20,北海道,常呂郡佐呂間町,ホクレン北見地区総合家畜市場,1219702686
3,4,取引,2007.04.20,北海道,常呂郡佐呂間町,ホクレン北見地区総合家畜市場,1219702686
4,5,転入,2007.04.20,北海道,網走郡津別町,合同会社　川瀬牧場,1219702686
5,6,転出,2008.12.13,北海道,網走郡津別町,合同会社　川瀬牧場,1219702686
6,7,搬入,2008.12.14,東京都,港区,東京食肉市場（株）,1219702686
7,8,搬出,2008.12.15,東京都,港区,東京食肉市場（株）,1219702686
8,9,搬入,2008.12.15,東京都,港区,東京都立芝浦と場,1219702686
9,10,と畜,2008.12.15,東京都,港区,東京都立芝浦と場,1219702686
0,1,出生,2003.11.02,埼玉県,,,1190167696
1,2,転出,2003.12.16,埼玉県,,,1190167696
2,3,転入,2003.12.16,埼玉県,深谷市,木村　勝宏,1190167696
3,4,転出,2004.09.21,埼玉県,深谷市,木村　勝宏,1190167696
4,5,転入,2004.09.21,埼玉県,入間郡毛呂山町,渡辺　五十男,1190167696
5,6,転出,2006.06.15,埼玉県,入間郡毛呂山町,渡辺　五十男,1190167696
6,7,搬入,2006.06.15,埼玉県,さいたま市大宮区,さいたま市と畜場,1190167696
7,8,と畜,2006.06.16,埼玉県,さいたま市大宮区,さいたま市と畜場,1190167696
0,1,出生,2004.01.18,長崎県,南島原市,花房牧場,1196108914
1,2,転出,2004.11.18,長崎県,南島原市,花房牧場,1196108914
2,3,搬入,2004.11.18,長崎県,雲仙市,県南家畜市場,1196108914
3,4,取引,2004.11.18,長崎県,雲仙市,県南家畜市場,1196108914
4,5,転入,2004.11.19,佐賀県,,,1196108914
5,6,転出,2006.06.04,佐賀県,,,1196108914
6,7,搬入,2006.06.04,兵庫県,神戸市長田区,神戸市立食肉センター,1196108914
7,8,と畜,2006.06.05,兵庫県,神戸市長田区,神戸市立食肉センター,1196108914
0,1,装着,2002.03.31,愛知県,半田市,花尾　文子,1115184616
1,2,死亡,2004.09.14,愛知県,半田市,花尾　文子,1115184616
0,1,出生,2004.02.06,大分県,竹田市,（株）安愚楽牧場　久住牧場,1146915173
1,2,転出,2004.08.28,大分県,竹田市,（株）安愚楽牧場　久住牧場,1146915173
2,3,転入,2004.08.28,大分県,中津市,農事組合法人　フジ・ファーム　甲斐牧場,1146915173
3,4,転出,2006.08.29,大分県,中津市,農事組合法人　フジ・ファーム　甲斐牧場,1146915173
4,5,搬入,2006.08.29,大分県,豊後大野市,（株）大分県畜産公社,1146915173
5,6,と畜,2006.08.29,大分県,豊後大野市,（株）大分県畜産公社,1146915173
0,1,装着,2002.03.28,佐賀県,東松浦郡玄海町,山口　義男,1140351908
1,2,搬入,2003.07.14,福岡県,福岡市東区,福岡市中央卸売市場食肉市場（生産施設）,1140351908
2,3,と畜,2003.07.15,福岡県,福岡市東区,福岡市中央卸売市場食肉市場（生産施設）,1140351908
0,1,装着,2002.04.05,福島県,双葉郡浪江町,三瓶　冨雄,1112338678
1,2,転出,2004.01.08,福島県,双葉郡浪江町,三瓶　冨雄,1112338678
2,3,搬入,2004.01.08,東京都,港区,東京食肉市場（株）,1112338678
3,4,搬出,2004.01.09,東京都,港区,東京食肉市場（株）,1112338678
4,5,搬入,2004.01.09,東京都,港区,東京都立芝浦と場,1112338678
5,6,と畜,2004.01.09,東京都,港区,東京都立芝浦と場,1112338678
0,1,装着,2002.04.11,長崎県,五島市,里中　邦雄,1161236277
1,2,転出,2010.07.15,長崎県,五島市,里中　邦雄,1161236277
2,3,搬入,2010.07.15,長崎県,五島市,ごとう農業協同組合（五島家畜市場）,1161236277
3,4,取引,2010.07.15,長崎県,五島市,ごとう農業協同組合（五島家畜市場）,1161236277
4,5,転入,2010.07.15,熊本県,山鹿市,川崎畜産,1161236277
5,6,転出,2010.09.15,熊本県,山鹿市,川崎畜産,1161236277
6,7,搬入,2010.09.15,熊本県,菊池郡大津町,熊本県畜産農業協同組合（熊本県家畜市場）,1161236277
7,8,取引,2010.09.15,熊本県,菊池郡大津町,熊本県畜産農業協同組合（熊本県家畜市場）,1161236277
8,9,転入,2010.09.15,熊本県,葦北郡芦北町,藤井　富士夫（のり子）,1161236277
9,10,転出,2011.02.23,熊本県,葦北郡芦北町,藤井　富士夫（のり子）,1161236277
10,11,搬入,2011.02.23,熊本県,菊池郡大津町,熊本県畜産農業協同組合（熊本県家畜市場）,1161236277
11,12,取引,2011.02.23,熊本県,菊池郡大津町,熊本県畜産農業協同組合（熊本県家畜市場）,1161236277
12,13,搬入,2011.02.23,熊本県,菊池市,（株）熊本畜産流通センター,1161236277
13,14,と畜,2011.02.24,熊本県,菊池市,（株）熊本畜産流通センター,1161236277
0,1,装着,2002.03.08,宮崎県,,,1136720022
1,2,転出,2003.07.12,宮崎県,,,1136720022
2,3,転入,2003.10.12,宮崎県,都城市,山彦ファーム株式会社,1136720022
3,4,転出,2004.01.05,宮崎県,都城市,山彦ファーム株式会社,1136720022
4,5,転入,2004.01.05,山口県,岩国市,藤田　勝一,1136720022
5,6,転出,2004.01.19,山口県,岩国市,藤田　勝一,1136720022
6,7,搬入,2004.01.19,山口県,岩国市,周東町食肉センター,1136720022
7,8,と畜,2004.01.19,山口県,岩国市,周東町食肉センター,1136720022
0,1,装着,2002.04.10,兵庫県,小野市,仲田　昭宏,1161844397
1,2,転出,2002.11.11,兵庫県,小野市,仲田　昭宏,1161844397
2,3,搬入,2002.11.11,大阪府,大阪市住之江区,大阪市食肉処理場,1161844397
3,4,と畜,2002.11.12,大阪府,大阪市住之江区,大阪市食肉処理場,1161844397
0,1,装着,-,宮城県,登米市,佐々木　篤一郎,1166263001
1,2,転出,2003.01.16,宮城県,登米市,佐々木　篤一郎,1166263001
2,3,搬入,2003.01.16,宮城県,遠田郡美里町,全農みやぎ総合家畜市場,1166263001
3,4,取引,2003.01.16,宮城県,遠田郡美里町,全農みやぎ総合家畜市場,1166263001
4,5,転入,2003.01.16,宮城県,登米市,須藤　国実,1166263001
5,6,転出,2004.12.12,宮城県,登米市,須藤　国実,1166263001
6,7,搬入,2004.12.12,宮城県,仙台市宮城野区,仙台中央食肉卸売市場（株）,1166263001
7,8,搬出,2004.12.13,宮城県,仙台市宮城野区,仙台中央食肉卸売市場（株）,1166263001
8,9,搬入,2004.12.13,宮城県,仙台市宮城野区,仙台市ミートプラント,1166263001
9,10,と畜,2004.12.13,宮城県,仙台市宮城野区,仙台市ミートプラント,1166263001
0,1,出生,2002.10.20,沖縄県,石垣市,富川　健勇,1178274279
1,2,転出,2003.08.14,沖縄県,石垣市,富川　健勇,1178274279
2,3,搬入,2003.08.14,沖縄県,石垣市,八重山家畜市場,1178274279
3,4,取引,2003.08.14,沖縄県,石垣市,八重山家畜市場,1178274279
4,5,転入,2003.08.14,沖縄県,国頭郡東村,ＪＡおきなわ東肥育センター,1178274279
5,6,転出,2005.04.11,沖縄県,国頭郡東村,ＪＡおきなわ東肥育センター,1178274279
6,7,搬入,2005.04.12,沖縄県,南城市,（株）沖縄県食肉センター,1178274279
7,8,と畜,2005.04.12,沖縄県,南城市,（株）沖縄県食肉センター,1178274279
0,1,出生,2004.01.10,鹿児島県,志布志市,平井　ユイ,1187534975
1,2,転出,2004.10.26,鹿児島県,志布志市,平井　ユイ,1187534975
2,3,搬入,2004.10.26,鹿児島県,曽於市,曽於中央家畜市場,1187534975
3,4,取引,2004.10.26,鹿児島県,曽於市,曽於中央家畜市場,1187534975
4,5,転入,2004.10.26,鹿児島県,曽於市,安楽　良光,1187534975
5,6,転出,2006.05.29,鹿児島県,曽於市,安楽　良光,1187534975
6,7,搬入,2006.05.29,宮崎県,都城市,（株）ミヤチク　高崎工場,1187534975
7,8,と畜,2006.05.30,宮崎県,都城市,（株）ミヤチク　高崎工場,1187534975
0,1,出生,2002.07.23,北海道,天塩郡天塩町,奥山　稔,1151020961
1,2,転出,2002.07.23,北海道,天塩郡天塩町,奥山　稔,1151020961
2,3,転入,2002.07.23,北海道,士別市,佐藤　雅英,1151020961
3,4,転出,2002.12.26,北海道,士別市,佐藤　雅英,1151020961
4,5,転入,2002.12.26,北海道,,,1151020961
5,6,転出,2003.01.22,北海道,,,1151020961
6,7,転入,2003.01.24,鳥取県,東伯郡琴浦町,西日本ジェイエイ畜産　大成団地第３,1151020961
7,8,転出,2004.05.04,鳥取県,東伯郡琴浦町,西日本ジェイエイ畜産　大成団地第３,1151020961
8,9,搬入,2004.05.05,鳥取県,西伯郡大山町,鳥取県食肉センター,1151020961
9,10,と畜,2004.05.06,鳥取県,西伯郡大山町,鳥取県食肉センター,1151020961
0,1,出生,2008.04.09,青森県,北津軽郡中泊町,秋元　利考,1195213398
1,2,転出,2009.04.23,青森県,北津軽郡中泊町,秋元　利考,1195213398
2,3,転入,2009.04.23,青森県,五所川原市,五所川原市営実取牧野,1195213398
3,4,転出,2009.05.29,青森県,五所川原市,五所川原市営実取牧野,1195213398
4,5,転入,2009.05.29,青森県,北津軽郡中泊町,秋元　利考,1195213398
5,6,転出,2009.09.16,青森県,北津軽郡中泊町,秋元　利考,1195213398
6,7,転入,2009.09.16,青森県,五所川原市,五所川原市営実取牧野,1195213398
7,8,転出,2009.11.04,青森県,五所川原市,五所川原市営実取牧野,1195213398
8,9,転入,2009.11.04,青森県,北津軽郡中泊町,秋元　利考,1195213398
9,10,転出,2010.07.13,青森県,北津軽郡中泊町,秋元　利考,1195213398
10,11,転入,2010.07.13,青森県,五所川原市,五所川原市営実取牧野,1195213398
11,12,転出,2010.09.07,青森県,五所川原市,五所川原市営実取牧野,1195213398
12,13,転入,2010.09.07,青森県,北津軽郡中泊町,秋元　利考,1195213398
13,14,転出,2010.10.05,青森県,北津軽郡中泊町,秋元　利考,1195213398
14,15,転入,2010.10.05,青森県,五所川原市,五所川原市営実取牧野,1195213398
15,16,転出,2010.11.13,青森県,五所川原市,五所川原市営実取牧野,1195213398
16,17,転入,2010.11.13,青森県,北津軽郡中泊町,秋元　利考,1195213398
17,18,転出,2011.04.27,青森県,北津軽郡中泊町,秋元　利考,1195213398
18,19,転入,2011.04.27,青森県,五所川原市,五所川原市営実取牧野,1195213398
19,20,転出,2011.06.08,青森県,五所川原市,五所川原市営実取牧野,1195213398
20,21,転入,2011.06.08,青森県,北津軽郡中泊町,秋元　利考,1195213398
21,22,転出,2011.09.02,青森県,北津軽郡中泊町,秋元　利考,1195213398
22,23,転入,2011.09.02,青森県,五所川原市,五所川原市営岩井牧野,1195213398
23,24,転出,2011.11.12,青森県,五所川原市,五所川原市営岩井牧野,1195213398
24,25,転入,2011.11.12,青森県,北津軽郡中泊町,秋元　利考,1195213398
25,26,転出,2012.01.12,青森県,北津軽郡中泊町,秋元　利考,1195213398
26,27,搬入,2012.01.12,青森県,上北郡七戸町,青森県地域家畜市場,1195213398
27,28,取引,2012.01.12,青森県,上北郡七戸町,青森県地域家畜市場,1195213398
28,29,転入,2012.01.12,青森県,三戸郡五戸町,立花　豊治,1195213398
29,30,転出,2013.05.08,青森県,三戸郡五戸町,立花　豊治,1195213398
30,31,転入,2013.05.08,青森県,三戸郡五戸町,ブドロク放牧場,1195213398
31,32,転出,2013.08.23,青森県,三戸郡五戸町,ブドロク放牧場,1195213398
32,33,転入,2013.08.23,青森県,三戸郡五戸町,立花　豊治,1195213398
33,34,転出,2013.10.17,青森県,三戸郡五戸町,立花　豊治,1195213398
34,35,転入,2013.10.17,青森県,三戸郡五戸町,ブドロク放牧場,1195213398
35,36,転出,2013.11.13,青森県,三戸郡五戸町,ブドロク放牧場,1195213398
36,37,転入,2013.11.13,青森県,三戸郡五戸町,立花　豊治,1195213398
37,38,転出,2013.11.14,青森県,三戸郡五戸町,立花　豊治,1195213398
38,39,転入,2013.11.14,青森県,十和田市,高橋　浩二,1195213398
39,40,転出,2014.10.19,青森県,十和田市,高橋　浩二,1195213398
40,41,搬入,2014.10.19,茨城県,筑西市,筑西食肉センター,1195213398
41,42,と畜,2014.10.20,茨城県,筑西市,筑西食肉センター,1195213398
0,1,出生,2003.01.30,宮崎県,小林市,柚木崎　重義,1180332523
1,2,転出,2003.12.05,宮崎県,小林市,柚木崎　重義,1180332523
2,3,転入,2003.12.05,熊本県,菊池市,松岡　一夫,1180332523
3,4,転出,2005.06.06,熊本県,菊池市,松岡　一夫,1180332523
4,5,搬入,2005.06.06,福岡県,太宰府市,ＪＡ全農ミートフーズ株式会社　九州営業本部,1180332523
5,6,搬出,2005.06.07,福岡県,太宰府市,ＪＡ全農ミートフーズ株式会社　九州営業本部,1180332523
6,7,搬入,2005.06.07,福岡県,太宰府市,九州協同食肉（株）,1180332523
7,8,と畜,2005.06.07,福岡県,太宰府市,九州協同食肉（株）,1180332523
0,1,装着,2002.05.31,熊本県,阿蘇郡産山村,東　廣美,1163891375
1,2,転入,2002.07.10,熊本県,阿蘇郡産山村,北九　畜産,1163891375
2,3,転出,2003.10.22,熊本県,阿蘇郡産山村,北九　畜産,1163891375
3,4,搬入,2003.10.22,鹿児島県,伊佐市,（株）ジャパンファーム　大口処理場,1163891375
4,5,と畜,2003.10.23,鹿児島県,伊佐市,（株）ジャパンファーム　大口処理場,1163891375
0,1,出生,2003.08.15,鹿児島県,鹿屋市,坂東島　清美,1192523490
1,2,転出,2004.05.18,鹿児島県,鹿屋市,坂東島　清美,1192523490
2,3,搬入,2004.05.18,鹿児島県,鹿屋市,肝属中央家畜市場,1192523490
3,4,取引,2004.05.18,鹿児島県,鹿屋市,肝属中央家畜市場,1192523490
4,5,転入,2004.05.20,福岡県,筑紫野市,有限会社　三宅牧場,1192523490
5,6,転出,2006.02.20,福岡県,筑紫野市,有限会社　三宅牧場,1192523490
6,7,搬入,2006.02.20,福岡県,太宰府市,ＪＡ全農ミートフーズ株式会社　九州営業本部,1192523490
7,8,搬出,2006.02.21,福岡県,太宰府市,ＪＡ全農ミートフーズ株式会社　九州営業本部,1192523490
8,9,搬入,2006.02.21,福岡県,太宰府市,九州協同食肉（株）,1192523490
9,10,と畜,2006.02.21,福岡県,太宰府市,九州協同食肉（株）,1192523490
0,1,出生,2020.10.17,北海道,川上郡標茶町,(株)ティーズライン,1482217191
1,2,転出,2021.09.22,北海道,川上郡標茶町,(株)ティーズライン,1482217191
2,3,転入,2021.09.22,北海道,川上郡標茶町,長澤　安衣,1482217191
0,1,出生,2002.07.23,北海道,標津郡標津町,蔭山　隆夫,1147907122
1,2,転出,2002.07.30,北海道,標津郡標津町,蔭山　隆夫,1147907122
2,3,転入,2002.07.30,北海道,帯広市,広野肉牛生産組合有限会社,1147907122
3,4,転出,2003.04.28,北海道,帯広市,広野肉牛生産組合有限会社,1147907122
4,5,転入,2003.04.28,北海道,,,1147907122
5,6,転出,2004.10.04,北海道,,,1147907122
6,7,搬入,2004.10.04,秋田県,秋田市,（株）秋田県食肉流通公社,1147907122
7,8,と畜,2004.10.05,秋田県,秋田市,（株）秋田県食肉流通公社,1147907122
0,1,装着,2002.03.22,兵庫県,朝来市,浅野　登,1150611160
1,2,転出,2010.10.06,兵庫県,朝来市,浅野　登,1150611160
2,3,転入,2010.10.06,兵庫県,,,1150611160
3,4,転出,2011.06.23,兵庫県,,,1150611160
4,5,搬入,2011.06.23,兵庫県,朝来市,但馬食肉センター,1150611160
5,6,と畜,2011.06.23,兵庫県,朝来市,但馬食肉センター,1150611160
0,1,装着,2002.03.11,熊本県,熊本市北区,村上　靖典,1107860290
1,2,転出,2002.04.22,熊本県,熊本市北区,村上　靖典,1107860290
2,3,転入,2002.04.24,熊本県,,,1107860290
3,4,転出,2004.03.25,熊本県,,,1107860290
4,5,搬入,2004.03.25,鹿児島県,阿久根市,（株）阿久根食肉流通センター,1107860290
5,6,と畜,2004.03.26,鹿児島県,阿久根市,（株）阿久根食肉流通センター,1107860290
0,1,出生,2002.06.09,北海道,野付郡別海町,茂木　修一,1156436378
1,2,転出,2003.05.23,北海道,野付郡別海町,茂木　修一,1156436378
2,3,転入,2003.05.23,北海道,野付郡別海町,芳賀　牧男,1156436378
3,4,転出,2004.03.18,北海道,野付郡別海町,芳賀　牧男,1156436378
4,5,搬入,2004.03.18,北海道,標津郡中標津町,ホクレン根室地区家畜市場,1156436378
5,6,取引,2004.03.18,北海道,標津郡中標津町,ホクレン根室地区家畜市場,1156436378
6,7,転入,2004.03.18,北海道,,,1156436378
7,8,転出,2004.03.22,北海道,,,1156436378
8,9,転入,2004.03.23,千葉県,山武市,石橋　祐行,1156436378
9,10,転出,2004.06.30,千葉県,山武市,石橋　祐行,1156436378
10,11,搬入,2004.06.30,千葉県,長生郡睦沢町,県南畜産処理事業協同組合,1156436378
11,12,と畜,2004.06.30,千葉県,長生郡睦沢町,県南畜産処理事業協同組合,1156436378
0,1,出生,2021.12.15,北海道,標津郡中標津町,サンハイファーム,1525622166
