,,Contents  of transfer,Date of  transfer,The prefecture,The location of the raising facility,The name or title,Individual Identification  Number
0,1,Birth,"Dec. 28,2018","KAGOSHIMA
                                                                                                    
                                                                                                        ,JAPAN",Nishinomote-shi,A,1385289462
1,2,Move-out,"Oct. 06,2019","KAGOSHIMA
                                                                                                    
                                                                                                        ,JAPAN",Nishinomote-shi,A,1385289462
2,3,Carrying-in,"Oct. 06,2019","KAGOSHIMA
                                                                                                    
                                                                                                        ,JAPAN",Nakatane-cho,Tanegashima livestock market,1385289462
3,4,Sale,"Oct. 06,2019","KAGOSHIMA
                                                                                                    
                                                                                                        ,JAPAN",Nakatane-cho,Tanegashima livestock market,1385289462
4,5,Move-in,"Oct. 06,2019","KAGOSHIMA
                                                                                                    
                                                                                                        ,JAPAN",Satsuma-cho,B,1385289462
5,6,Move-out,"Aug. 25,2021","KAGOSHIMA
                                                                                                    
                                                                                                        ,JAPAN",Satsuma-cho,B,1385289462
6,7,Carrying-in,"Aug. 26,2021","TOKYO
                                                                                                    
                                                                                                        ,JAPAN",Minato-ku,C,1385289462
7,8,Carrying-out,"Aug. 27,2021","TOKYO
                                                                                                    
                                                                                                        ,JAPAN",Minato-ku,C,1385289462
8,9,Carrying-in,"Aug. 27,2021","TOKYO
                                                                                                    
                                                                                                        ,JAPAN",Minato-ku,Shibaura Slaughterhouse Tokyo Metropolitan Government,1385289462
9,10,Slaughter,"Aug. 27,2021","TOKYO
                                                                                                    
                                                                                                        ,JAPAN",Minato-ku,Shibaura Slaughterhouse Tokyo Metropolitan Government,1385289462
0,1,Birth,"Sep. 15,2019","TOCHIGI
                                                                                                    
                                                                                                        ,JAPAN",,,1554460593
1,2,Move-out,"Oct. 10,2019","TOCHIGI
                                                                                                    
                                                                                                        ,JAPAN",,,1554460593
2,3,Carrying-in,"Oct. 10,2019","TOCHIGI
                                                                                                    
                                                                                                        ,JAPAN",Nasushiobara-shi,Nasu livestock market,1554460593
3,4,Sale,"Oct. 10,2019","TOCHIGI
                                                                                                    
                                                                                                        ,JAPAN",Nasushiobara-shi,Nasu livestock market,1554460593
4,5,Move-in,"Oct. 10,2019","IBARAKI
                                                                                                    
                                                                                                        ,JAPAN",Hitachiomiya-shi,,1554460593
5,6,Move-out,"Jul. 28,2021","IBARAKI
                                                                                                    
                                                                                                        ,JAPAN",Hitachiomiya-shi,,1554460593
6,7,Carrying-in,"Jul. 28,2021","GUMMA
                                                                                                    
                                                                                                        ,JAPAN",Tamamura-machi,"Gunma-ken Shokuniku Oroshiuri Shijo Co., Ltd.",1554460593
7,8,Slaughter,"Jul. 29,2021","GUMMA
                                                                                                    
                                                                                                        ,JAPAN",Tamamura-machi,"Gunma-ken Shokuniku Oroshiuri Shijo Co., Ltd.",1554460593
0,1,Birth,"Jul. 24,2019","TOCHIGI
                                                                                                    
                                                                                                        ,JAPAN",,,1590925957
1,2,Move-out,"Sep. 15,2019","TOCHIGI
                                                                                                    
                                                                                                        ,JAPAN",,,1590925957
2,3,Carrying-in,"Sep. 15,2019","TOCHIGI
                                                                                                    
                                                                                                        ,JAPAN",Nasushiobara-shi,Nasu livestock market,1590925957
3,4,Sale,"Sep. 15,2019","TOCHIGI
                                                                                                    
                                                                                                        ,JAPAN",Nasushiobara-shi,Nasu livestock market,1590925957
4,5,Move-in,"Sep. 15,2019","TOCHIGI
                                                                                                    
                                                                                                        ,JAPAN",Nasushiobara-shi,,1590925957
5,6,Move-out,"Apr. 25,2020","TOCHIGI
                                                                                                    
                                                                                                        ,JAPAN",Nasushiobara-shi,,1590925957
6,7,Move-in,"Apr. 25,2020","GUMMA
                                                                                                    
                                                                                                        ,JAPAN",Maebashi-shi,,1590925957
7,8,Move-out,"Aug. 23,2021","GUMMA
                                                                                                    
                                                                                                        ,JAPAN",Maebashi-shi,,1590925957
8,9,Carrying-in,"Aug. 23,2021","GUMMA
                                                                                                    
                                                                                                        ,JAPAN",Takasaki-shi,Takasaki Meat Center,1590925957
9,10,Slaughter,"Aug. 24,2021","GUMMA
                                                                                                    
                                                                                                        ,JAPAN",Takasaki-shi,Takasaki Meat Center,1590925957
0,1,Birth,"Jan. 30,2019","KAGOSHIMA
                                                                                                    
                                                                                                        ,JAPAN",Satsuma-cho,,1602812626
1,2,Move-out,"Jul. 04,2019","KAGOSHIMA
                                                                                                    
                                                                                                        ,JAPAN",Satsuma-cho,,1602812626
2,3,Move-in,"Jul. 04,2019","KAGOSHIMA
                                                                                                    
                                                                                                        ,JAPAN",Satsuma-cho,,1602812626
3,4,Move-out,"Jan. 17,2020","KAGOSHIMA
                                                                                                    
                                                                                                        ,JAPAN",Satsuma-cho,,1602812626
4,5,Move-in,"Jan. 17,2020","KAGOSHIMA
                                                                                                    
                                                                                                        ,JAPAN",Satsuma-cho,,1602812626
5,6,Move-out,"Aug. 25,2021","KAGOSHIMA
                                                                                                    
                                                                                                        ,JAPAN",Satsuma-cho,,1602812626
6,7,Carrying-in,"Aug. 26,2021","TOKYO
                                                                                                    
                                                                                                        ,JAPAN",Minato-ku,,1602812626
7,8,Carrying-out,"Aug. 27,2021","TOKYO
                                                                                                    
                                                                                                        ,JAPAN",Minato-ku,,1602812626
8,9,Carrying-in,"Aug. 27,2021","TOKYO
                                                                                                    
                                                                                                        ,JAPAN",Minato-ku,Shibaura Slaughterhouse Tokyo Metropolitan Government,1602812626
9,10,Slaughter,"Aug. 27,2021","TOKYO
                                                                                                    
                                                                                                        ,JAPAN",Minato-ku,Shibaura Slaughterhouse Tokyo Metropolitan Government,1602812626
0,1,Birth,"Oct. 15,2018","KAGOSHIMA
                                                                                                    
                                                                                                        ,JAPAN",Satsuma-cho,,1602808148
1,2,Move-out,"Jul. 10,2019","KAGOSHIMA
                                                                                                    
                                                                                                        ,JAPAN",Satsuma-cho,,1602808148
2,3,Carrying-in,"Jul. 10,2019","KAGOSHIMA
                                                                                                    
                                                                                                        ,JAPAN",Satsuma-cho,Satsuma chuo livestock market,1602808148
3,4,Sale,"Jul. 10,2019","KAGOSHIMA
                                                                                                    
                                                                                                        ,JAPAN",Satsuma-cho,Satsuma chuo livestock market,1602808148
4,5,Move-in,"Jul. 12,2019","MIE
                                                                                                    
                                                                                                        ,JAPAN",Tsu-shi,,1602808148
5,6,Move-out,"Aug. 18,2021","MIE
                                                                                                    
                                                                                                        ,JAPAN",Tsu-shi,,1602808148
6,7,Carrying-in,"Aug. 19,2021","TOKYO
                                                                                                    
                                                                                                        ,JAPAN",Minato-ku,,1602808148
7,8,Carrying-out,"Aug. 20,2021","TOKYO
                                                                                                    
                                                                                                        ,JAPAN",Minato-ku,,1602808148
8,9,Carrying-in,"Aug. 20,2021","TOKYO
                                                                                                    
                                                                                                        ,JAPAN",Minato-ku,Shibaura Slaughterhouse Tokyo Metropolitan Government,1602808148
9,10,Slaughter,"Aug. 20,2021","TOKYO
                                                                                                    
                                                                                                        ,JAPAN",Minato-ku,Shibaura Slaughterhouse Tokyo Metropolitan Government,1602808148
0,1,Birth,"Oct. 01,2018","MIYAZAKI
                                                                                                    
                                                                                                        ,JAPAN",Kushima-shi,,1556877269
1,2,Move-out,"Jul. 13,2019","MIYAZAKI
                                                                                                    
                                                                                                        ,JAPAN",Kushima-shi,,1556877269
2,3,Carrying-in,"Jul. 13,2019","MIYAZAKI
                                                                                                    
                                                                                                        ,JAPAN",Kushima-shi,Minaminaka regional livestock market,1556877269
3,4,Sale,"Jul. 13,2019","MIYAZAKI
                                                                                                    
                                                                                                        ,JAPAN",Kushima-shi,Minaminaka regional livestock market,1556877269
4,5,Move-in,"Jul. 14,2019","MIE
                                                                                                    
                                                                                                        ,JAPAN",Ise-shi,,1556877269
5,6,Move-out,"Aug. 18,2021","MIE
                                                                                                    
                                                                                                        ,JAPAN",Ise-shi,,1556877269
6,7,Carrying-in,"Aug. 19,2021","TOKYO
                                                                                                    
                                                                                                        ,JAPAN",Minato-ku,,1556877269
7,8,Carrying-out,"Aug. 20,2021","TOKYO
                                                                                                    
                                                                                                        ,JAPAN",Minato-ku,,1556877269
8,9,Carrying-in,"Aug. 20,2021","TOKYO
                                                                                                    
                                                                                                        ,JAPAN",Minato-ku,Shibaura Slaughterhouse Tokyo Metropolitan Government,1556877269
9,10,Slaughter,"Aug. 20,2021","TOKYO
                                                                                                    
                                                                                                        ,JAPAN",Minato-ku,Shibaura Slaughterhouse Tokyo Metropolitan Government,1556877269
0,1,Birth,"Jul. 25,2019","IWATE
                                                                                                    
                                                                                                        ,JAPAN",Shizukuishi-cho,,869136377
1,2,Move-out,"Aug. 12,2021","IWATE
                                                                                                    
                                                                                                        ,JAPAN",Shizukuishi-cho,,869136377
2,3,Carrying-in,"Aug. 12,2021","IWATE
                                                                                                    
                                                                                                        ,JAPAN",Shiwa-cho,"IWACHIKU Co.,Ltd.",869136377
3,4,Slaughter,"Aug. 13,2021","IWATE
                                                                                                    
                                                                                                        ,JAPAN",Shiwa-cho,"IWACHIKU Co.,Ltd.",869136377
